<?xml version="1.0" encoding="UTF-8"?>
<project-private xmlns="http://www.netbeans.org/ns/project-private/1">
    <editor-bookmarks xmlns="http://www.netbeans.org/ns/editor-bookmarks/2" lastBookmarkId="0"/>
    <open-files xmlns="http://www.netbeans.org/ns/projectui-open-files/2">
        <group>
            <file>file:/C:/Users/Victor/Desktop/so/Proyecto2SistemasOperativos1/src/proyecto2sistemasoperativos1/memoriaEstructura.java</file>
            <file>file:/C:/Users/Victor/Desktop/so/Proyecto2SistemasOperativos1/src/proyecto2sistemasoperativos1/proceso.java</file>
            <file>file:/C:/Users/Victor/Desktop/so/Proyecto2SistemasOperativos1/src/proyecto2sistemasoperativos1/VentanaAplicacion.java</file>
            <file>file:/C:/Users/Victor/Desktop/so/Proyecto2SistemasOperativos1/src/proyecto2sistemasoperativos1/Proyecto2SistemasOperativos1.java</file>
        </group>
    </open-files>
</project-private>
